"","AMAK","ASAP","BAM","SS"
"Percentage",92.1212121212121,58.1818181818182,77.5757575757576,100
